"course","english","swedish","estonian","russian","finnish"
"1","Generative AI Skills for Young Entrepreneurs\nTo be able to utilize the commonly used generative AI tools, you will need some basic knowledge and training on them.\nLearning Resources: Explore materials on ""Generative AI for Beginners"" and LinkedIn Learning's AI Fundamentals.\nPractice Tip: Choose one generative AI model (ChatGPT, Copilot, Gemini or Claude), sign into its free version and familiarize yourself with creating content using AI.","Generativa AI-färdigheter för unga entreprenörer\nFör att kunna använda de vanligt förekommande generativa AI-verktygen behöver du grundläggande kunskaper och utbildning om dem.\nLärresurser: Utforska material om ""Generativ AI för nybörjare"" och LinkedIn Learnings AI-grunder.\nÖvningstips: Välj en generativ AI-modell (ChatGPT, Copilot, Gemini eller Claude), logga in på dess gratisversion och bekanta dig med att skapa innehåll med AI.","Generatiivse tehisintellekti oskused noortele ettevõtjatele\nGeneratiivsete tehisintellekti tööriistade kasutamiseks on vajalik põhiline teadmine ja väljaõpe.\nÕppevahendid: Tutvuge materjalidega ""Generatiivne tehisintellekt algajatele"" ja LinkedIn Learningu AI põhialused.\nPraktika nõuanne: Valige üks generatiivse tehisintellekti mudel (ChatGPT, Copilot, Gemini või Claude), logige sisse selle tasuta versiooni ja tutvuge AI abil sisu loomisega.","Навыки использования генеративного ИИ для молодых предпринимателей\nЧтобы использовать популярные инструменты генеративного ИИ, вам понадобятся базовые знания и обучение.\nУчебные материалы: Изучите материалы по теме ""Генеративный ИИ для начинающих"" и курс ""Основы ИИ"" от LinkedIn Learning.\nСовет по практике: Выберите одну из моделей генеративного ИИ (ChatGPT, Copilot, Gemini или Claude), войдите в ее бесплатную версию и познакомьтесь с созданием контента с помощью ИИ.","Generatiiviset AI-taidot nuorille yrittäjille\nJotta voisit käyttää yleisesti käytettyjä generatiivisia AI-työkaluja, tarvitset perustiedot ja koulutuksen niiden käytöstä.\nOppimateriaalit: Tutustu ""Generatiivinen AI aloittelijoille"" -materiaaleihin ja LinkedIn Learningin AI Fundamentals -kurssiin.\nHarjoitteluvinkki: Valitse yksi generatiivinen AI-malli (ChatGPT, Copilot, Gemini tai Claude), kirjaudu sen ilmaiseen versioon ja opettele luomaan sisältöä tekoälyn avulla."
"2","Market Analysis and Customer Understanding\nTo be able to perform market analysis and utilize customer understanding, you’ll need some basic knowledge and training on them.\nLearning Resources: Explore materials on consumer behavior and look into introductory YouTube tutorials on market analysis.\nPractice Tip: Choose a product or service that you commonly use, define its usual customers and report how and why are they using the product. Also find out about the competition for that product. You can use generative AI to assist you.","Marknadsanalys och kundförståelse\nFör att kunna genomföra marknadsanalys och utnyttja kundförståelse behöver du grundläggande kunskaper och utbildning.\nLärresurser: Utforska material om konsumentbeteende och titta på introduktionsvideor om marknadsanalys på YouTube.\nÖvningstips: Välj en produkt eller tjänst som du vanligtvis använder, definiera dess vanliga kunder och rapportera hur och varför de använder produkten. Ta också reda på konkurrensen för den produkten. Du kan använda generativ AI för att hjälpa dig.","Turuanalüüs ja kliendimõistmine\nTuruanalüüsi läbiviimiseks ja klientide mõistmiseks on vaja põhiteadmisi ja väljaõpet.\nÕppevahendid: Tutvuge materjalidega tarbijakäitumise kohta ja vaadake YouTube'i algajatele mõeldud turuanalüüsi juhendeid.\nPraktika nõuanne: Valige toode või teenus, mida te sageli kasutate, määrake selle tavalised kliendid ja tehke aruanded, kuidas ja miks nad seda toodet kasutavad. Uurige ka selle toote konkurentsi. Tehisintellekti saate kasutada abi saamiseks.","Анализ рынка и понимание клиента\nЧтобы провести анализ рынка и понять потребности клиентов, вам понадобятся базовые знания и обучение.\nУчебные материалы: Изучите материалы по поведению потребителей и ознакомьтесь с вводными уроками по анализу рынка на YouTube.\nСовет по практике: Выберите продукт или услугу, которыми вы часто пользуетесь, определите их типичных клиентов и опишите, как и почему они используют продукт. Также узнайте о конкуренции для этого продукта. Вы можете использовать генеративный ИИ для помощи.","Markkina-analyysi ja asiakasymmärrys\nJotta voit suorittaa markkina-analyysin ja hyödyntää asiakasymmärrystä, tarvitset perustiedot ja koulutusta.\nOppimateriaalit: Tutustu kuluttajakäyttäytymistä koskeviin materiaaleihin ja katso YouTuben johdantovideoita markkina-analyysistä.\nHarjoitteluvinkki: Valitse tuote tai palvelu, jota käytät usein, määritä sen tavalliset asiakkaat ja raportoi, kuinka ja miksi he käyttävät tuotetta. Selvitä myös tuotteen kilpailu. Voit käyttää generatiivista tekoälyä apunasi."
"3","Creating and Testing Business Ideas\nTo be able to create and test business Ideas perform market analysis and utilize customer understanding, you’ll need some basic knowledge and training on them.\nLearning Resources: Udemy's ""Business Idea Creation"" course or articles on the Lean Startup method can be useful.\nPractice Tip: Develop and refine a simple business idea. Gather feedback from friends or online communities to start testing and iterating on the concept. You can use generative AI to assist you.","Skapa och testa affärsidéer\nFör att kunna skapa och testa affärsidéer, utföra marknadsanalys och använda kundförståelse behöver du grundläggande kunskaper och utbildning.\nLärresurser: Udemy:s kurs ""Skapande av affärsidéer"" eller artiklar om Lean Startup-metoden kan vara användbara.\nÖvningstips: Utveckla och förbättra en enkel affärsidé. Samla feedback från vänner eller onlinegrupper för att börja testa och iterera konceptet. Du kan använda generativ AI för att hjälpa dig.","Äriideede loomine ja testimine\nEttevõtte ideede loomiseks ja testimiseks, turuanalüüsi tegemiseks ning klientide mõistmiseks on vaja põhilisi teadmisi ja väljaõpet.\nÕppevahendid: Udemy kursus ""Ettevõtte ideede loomine"" või artiklid Lean Startup meetodi kohta võivad olla kasulikud.\nPraktika nõuanne: Töötage välja ja täiustage lihtne äriidee. Koguge tagasisidet sõpradelt või veebikogukondadelt, et alustada kontseptsiooni testimist ja täiustamist. Tehisintellekti saate kasutada abi saamiseks.","Создание и тестирование бизнес-идей\nЧтобы создать и протестировать бизнес-идеи, провести анализ рынка и понять потребности клиентов, вам понадобятся базовые знания и обучение.\nУчебные материалы: Курс Udemy ""Создание бизнес-идей"" или статьи о методе Lean Startup могут быть полезными.\nСовет по практике: Разработайте и доработайте простую бизнес-идею. Соберите отзывы от друзей или онлайн-сообществ, чтобы начать тестирование и итерацию концепции. Вы можете использовать генеративный ИИ для помощи.","Liikeideat ja niiden testaaminen\nJotta voit luoda ja testata liikeideoita sekä suorittaa markkina-analyysin ja ymmärtää asiakkaita, tarvitset perustiedot ja koulutusta.\nOppimateriaalit: Udemy-kurssi ""Liikeidean luominen"" tai artikkelit Lean Startup -menetelmästä voivat olla hyödyllisiä.\nHarjoitteluvinkki: Kehitä ja hienosäädä yksinkertainen liikeidea. Kerää palautetta ystäviltä tai verkkoyhteisöiltä aloittaaksesi konseptin testaamisen ja iteroinnin. Voit käyttää generatiivista tekoälyä apunasi."
"4","Making a Business Plan\nTo be able to make an effective business plan, you’ll need some basic knowledge and training on them.\nLearning Resources: Try HubSpot's free ""Business Plan Template"" and review tutorials on creating business plans on LinkedIn Learning.\nPractice Tip: Draft a mini-business plan, focusing on basic sections such as vision, goals, target audience, and financial projections. You can use generative AI to assist you.","Skapa en affärsplan\nFör att kunna skapa en effektiv affärsplan behöver du grundläggande kunskaper och utbildning.\nLärresurser: Prova HubSpots gratis ""Affärsplanmall"" och granska handledningar om att skapa affärsplaner på LinkedIn Learning.\nÖvningstips: Skapa en miniaffärsplan, med fokus på grundläggande sektioner som vision, mål, målgrupp och ekonomiska prognoser. Du kan använda generativ AI för att hjälpa dig.","Äriplaani koostamine\nEfektiivse äriplaani koostamiseks on vaja põhilisi teadmisi ja väljaõpet.\nÕppevahendid: Proovige HubSpot'i tasuta ""Äriplaani mall"" ja vaadake LinkedIn Learningus äriplaanide loomise juhendeid.\nPraktika nõuanne: Koostage mini-äriplaan, keskendudes põhilistele osadele nagu visioon, eesmärgid, sihtrühm ja finantsprognoosid. Tehisintellekti saate kasutada abi saamiseks.","Создание бизнес-плана\nЧтобы создать эффективный бизнес-план, вам понадобятся базовые знания и обучение.\nУчебные материалы: Попробуйте бесплатный шаблон ""Бизнес-план"" от HubSpot и ознакомьтесь с уроками по созданию бизнес-планов на LinkedIn Learning.\nСовет по практике: Составьте мини-бизнес-план, сосредоточив внимание на основных разделах, таких как видение, цели, целевая аудитория и финансовые прогнозы. Вы можете использовать генеративный ИИ для помощи.","Liiketoimintasuunnitelman tekeminen\nJotta voit tehdä tehokkaan liiketoimintasuunnitelman, tarvitset perustiedot ja koulutusta.\nOppimateriaalit: Kokeile HubSpotin ilmaista ""Liiketoimintasuunnitelmamallia"" ja tutustu LinkedIn Learningin oppaisiin liiketoimintasuunnitelmien tekemisestä.\nHarjoitteluvinkki: Laadi pienimuotoinen liiketoimintasuunnitelma keskittyen perusosiin, kuten visioon, tavoitteisiin, kohdeyleisöön ja talousennusteisiin. Voit käyttää generatiivista tekoälyä apunasi."
"5","Running a Business\nTo be able to consider all aspects of running a successful business, you’ll need some basic knowledge and training on them.\nLearning Resources: SBA.gov and Small Business Development Centers (SBDCs) offer beginner resources for business management.\nPractice Tip: Study case studies on small business operations and identify essential operational processes. You can use generative AI to assist you.","Driva ett företag\nFör att kunna ta hänsyn till alla aspekter av att driva ett framgångsrikt företag behöver du grundläggande kunskaper och utbildning.\nLärresurser: SBA.gov och Small Business Development Centers (SBDCs) erbjuder nybörjarresurser för affärshantering.\nÖvningstips: Studera fallstudier om småföretagsverksamhet och identifiera viktiga operativa processer. Du kan använda generativ AI för att hjälpa dig.","Ettevõtte juhtimine\nEduka ettevõtte juhtimiseks on vaja kõiki aspekte arvesse võtta ja selleks on vajalikud põhilised teadmised ja väljaõpe.\nÕppevahendid: SBA.gov ja Väikeettevõtete Arenduskeskused (SBDCs) pakuvad algtaseme ressursse ettevõtte juhtimiseks.\nPraktika nõuanne: Uurige väikeettevõtete juhtimise juhtumiuuringuid ja tuvastage olulised operatsiooniprotsessid. Tehisintellekti saate kasutada abi saamiseks.","Управление бизнесом\nЧтобы учитывать все аспекты успешного ведения бизнеса, вам понадобятся базовые знания и обучение.\nУчебные материалы: SBA.gov и Центры развития малого бизнеса (SBDCs) предлагают ресурсы для начинающих по управлению бизнесом.\nСовет по практике: Изучите кейсы по управлению малым бизнесом и определите ключевые операционные процессы. Вы можете использовать генеративный ИИ для помощи.","Yrityksen pyörittäminen\nJotta voit huomioida kaikki menestyvän yrityksen pyörittämisen näkökohdat, tarvitset perustiedot ja koulutusta.\nOppimateriaalit: SBA.gov ja Small Business Development Centers (SBDCs) tarjoavat aloittelijoille resursseja yritystoiminnan hallintaan.\nHarjoitteluvinkki: Tutki pienyritysten toimintaesimerkkejä ja tunnista keskeiset operatiiviset prosessit. Voit käyttää generatiivista tekoälyä apunasi."
"6","Branding and Marketing\nTo be able to start successfully marketing your business, products and services, you’ll need some basic knowledge and training on marketing essentials.\nLearning Resources: Coursera’s ""Marketing in a Digital World"" or free Google Ads and Facebook Blueprint courses are great starting points.\nPractice Tip: Develop a simple ad for a hypothetical product and run it on a small budget to understand basics in digital advertising. You can use generative AI to assist you.","Varumärkesbyggande och marknadsföring\nFör att framgångsrikt marknadsföra ditt företag, dina produkter och tjänster behöver du grundläggande kunskaper och utbildning i marknadsföringsgrunder.\nLärresurser: Courseras ""Marknadsföring i en digital värld"" eller Googles och Facebooks kostnadsfria Blueprint-kurser är bra startpunkter.\nÖvningstips: Utveckla en enkel annons för en hypotetisk produkt och kör den med en liten budget för att förstå grunderna i digital annonsering. Du kan använda generativ AI för att hjälpa dig.","Brändingu ja turundus\nEttevõtte, toodete ja teenuste edukaks turustamiseks on vaja põhilisi teadmisi ja väljaõpet turunduse põhialustes.\nÕppevahendid: Coursera kursus ""Turundus digitaalses maailmas"" või tasuta Google Ads ja Facebook Blueprint kursused on suurepärased alguspunktid.\nPraktika nõuanne: Looge lihtne reklaam hüpoteetilisele tootele ja käivitage see väikese eelarvega, et mõista digitaalreklaami põhialuseid. Tehisintellekti saate kasutada abi saamiseks.","Брендинг и маркетинг\nЧтобы успешно продвигать свой бизнес, продукты и услуги, вам понадобятся базовые знания и обучение основам маркетинга.\nУчебные материалы: Курс ""Маркетинг в цифровом мире"" от Coursera или бесплатные курсы Google Ads и Facebook Blueprint — отличные начальные точки.\nСовет по практике: Разработайте простую рекламу для гипотетического продукта и запустите ее с небольшим бюджетом, чтобы понять основы цифровой рекламы. Вы можете использовать генеративный ИИ для помощи.","Brändäys ja markkinointi\nJotta voit alkaa markkinoida yritystäsi, tuotteitasi ja palveluitasi menestyksekkäästi, tarvitset perustiedot ja koulutusta markkinoinnin perusteista.\nOppimateriaalit: Courseran ""Markkinointi digitaalisessa maailmassa"" tai Google Ads- ja Facebook Blueprint -ilmaiset kurssit ovat hyviä lähtökohtia.\nHarjoitteluvinkki: Kehitä yksinkertainen mainos hypoteettiselle tuotteelle ja käytä pieni budjetti digitaalisen mainonnan perusteiden ymmärtämiseen. Voit käyttää generatiivista tekoälyä apunasi."
"7","Sales and Customer Service\nTo be able to start closing deals, make effective sales efforts and provide successful customer service, you’ll need some basic knowledge and training on marketing essentials.\nLearning Resources: HubSpot Academy has free courses on sales fundamentals and customer service.\nPractice Tip: Practice a basic sales pitch or handle a mock customer inquiry to build confidence in communication and service skills. You can use generative AI to assist you.","Försäljning och kundservice\nFör att börja avsluta affärer, göra effektiva försäljningsinsatser och erbjuda framgångsrik kundservice behöver du grundläggande kunskaper och utbildning i marknadsföringens grunder.\nLärresurser: HubSpot Academy har gratis kurser i försäljningsgrunder och kundservice.\nÖvningstips: Öva på en grundläggande försäljningspresentation eller hantera en simulerad kundförfrågan för att bygga självförtroende i kommunikations- och serviceförmågor. Du kan använda generativ AI för att hjälpa dig.","Müük ja klienditeenindus\nTehingute sõlmimiseks, tõhusate müügipüüdluste tegemiseks ja eduka klienditeeninduse pakkumiseks on vaja põhiteadmisi ja väljaõpet turunduse põhialustes.\nÕppevahendid: HubSpot Academy pakub tasuta kursusi müügi põhialuste ja klienditeeninduse kohta.\nPraktika nõuanne: Harjutage põhilist müügikõnet või käsitlege näidiskliendi päringut, et suurendada enesekindlust suhtlemis- ja teenindusoskustes. Tehisintellekti saate kasutada abi saamiseks.","Продажи и обслуживание клиентов\nЧтобы начать заключать сделки, эффективно продавать и предоставлять качественное обслуживание клиентов, вам понадобятся базовые знания и обучение основам маркетинга.\nУчебные материалы: HubSpot Academy предлагает бесплатные курсы по основам продаж и обслуживанию клиентов.\nСовет по практике: Практикуйте основные продажи или обработку запроса от клиента, чтобы повысить уверенность в своих коммуникативных и сервисных навыках. Вы можете использовать генеративный ИИ для помощи.","Myynti ja asiakaspalvelu\nJotta voit alkaa solmia kauppoja, tehdä tehokkaita myyntitoimenpiteitä ja tarjota menestyksekästä asiakaspalvelua, tarvitset perustiedot ja koulutusta markkinoinnin perusteista.\nOppimateriaalit: HubSpot Academy tarjoaa ilmaisia kursseja myynnin perusteista ja asiakaspalvelusta.\nHarjoitteluvinkki: Harjoittele perustason myyntipuhetta tai käsittele näytteellinen asiakaskysely rakentaaksesi itseluottamusta viestintä- ja palvelutaidoissa. Voit käyttää generatiivista tekoälyä apunasi."
"8","HR Management\nTo be able to understand business from human resources perspective, you’ll need some basic knowledge and training on HR management.\nLearning Resources: Check out LinkedIn Learning’s ""Human Resources Foundations"" and free articles from SHRM (Society for Human Resource Management).\nPractice Tip: Learn about simple HR tasks, like drafting a job description, to get familiar with HR basics. You can use generative AI to assist you.","HR-hantering\nFör att kunna förstå företag ur ett personalhanteringsperspektiv behöver du grundläggande kunskaper och utbildning i HR-hantering.\nLärresurser: Kolla in LinkedIn Learnings ""HR Foundations"" och gratisartiklar från SHRM (Society for Human Resource Management).\nÖvningstips: Lär dig om enkla HR-uppgifter, som att skriva en jobbeskrivning, för att bekanta dig med HR-grunder. Du kan använda generativ AI för att hjälpa dig.","HR-juhtimine\nEttevõtte mõistmiseks personalijuhtimise vaatenurgast on vaja põhilisi teadmisi ja väljaõpet personalijuhtimise kohta.\nÕppevahendid: Tutvuge LinkedIn Learningu kursusega ""HR Foundations"" ja tasuta artiklitega SHRM-ist (Society for Human Resource Management).\nPraktika nõuanne: Tutvuge lihtsate personalijuhtimise ülesannetega, näiteks töökuulutuse koostamisega, et tutvuda personalijuhtimise põhialustega. Tehisintellekti saate kasutada abi saamiseks.","Управление персоналом\nЧтобы понять бизнес с точки зрения управления человеческими ресурсами, вам понадобятся базовые знания и обучение.\nУчебные материалы: Изучите курс LinkedIn Learning ""Основы управления персоналом"" и бесплатные статьи от SHRM (Общество по управлению человеческими ресурсами).\nСовет по практике: Ознакомьтесь с простыми задачами управления персоналом, такими как составление описания вакансии, чтобы ознакомиться с основами HR. Вы можете использовать генеративный ИИ для помощи.","HR-hallinta\nJotta voit ymmärtää yrityksen henkilöstöhallinnon näkökulmasta, tarvitset perustiedot ja koulutusta HR-hallinnasta.\nOppimateriaalit: Tutustu LinkedIn Learningin ""HR Foundations"" -kurssiin ja SHRM:n (Society for Human Resource Management) ilmaisiin artikkeleihin.\nHarjoitteluvinkki: Opettele yksinkertaisia HR-tehtäviä, kuten työpaikkailmoituksen laatimista, tutustuaksesi HR:n perusteisiin. Voit käyttää generatiivista tekoälyä apunasi."
"9","General Resources for Computer Literacy\nIf you're looking to improve your computer skills, Microsoft Learn and Google’s Applied Digital Skills offer free tutorials on a range of software and digital tools.","Allmänna resurser för datorfärdigheter\nOm du vill förbättra dina datorfärdigheter erbjuder Microsoft Learn och Googles Applied Digital Skills gratis handledningar om en rad program och digitala verktyg.","Üldised ressursid arvutioskuste kohta\nKui soovite oma arvutioskusi parandada, pakuvad Microsoft Learn ja Google'i Applied Digital Skills tasuta juhiseid erinevate tarkvarade ja digitaaltööriistade kohta.","Общие ресурсы для компьютерной грамотности\nЕсли вы хотите улучшить свои компьютерные навыки, Microsoft Learn и Google Applied Digital Skills предлагают бесплатные уроки по различным программам и цифровым инструментам.","Yleiset resurssit tietokonetaitojen oppimiseen\nJos haluat parantaa tietokonetaitojasi, Microsoft Learn ja Googlen Applied Digital Skills tarjoavat ilmaisia oppitunteja eri ohjelmistoista ja digitaalisista työkaluista."
